{"entities":{"pages":{"index":{"id":"index","title":"Template Tango","url":"index_md.html","level":0,"tabIndex":0},"Filters":{"id":"Filters","title":"Filters","url":"filters.html","level":0,"tabIndex":1},"Environment-Variables":{"id":"Environment-Variables","title":"Environment Variables","url":"environment-variables.html","level":0,"tabIndex":2},"Installation":{"id":"Installation","title":"Installation","url":"installation.html","level":0,"tabIndex":3},"Development-Guide":{"id":"Development-Guide","title":"Development Guide","url":"development-guide.html","level":0,"tabIndex":4},"Roadmap":{"id":"Roadmap","title":"Roadmap","url":"roadmap.html","level":0,"tabIndex":5}}},"topLevelIds":["index","Filters","Environment-Variables","Installation","Development-Guide","Roadmap"]}