{"entities":{"pages":{"index":{"id":"index","title":"Template Tango","url":"index_md.html","level":0,"tabIndex":0},"Filters":{"id":"Filters","title":"Filters","url":"filters.html","level":0,"pages":["Tango-Extra-Filters","Default-Filters"],"tabIndex":1},"Tango-Extra-Filters":{"id":"Tango-Extra-Filters","title":"Template Tango extra Filters","url":"tango-extra-filters.html","level":1,"parentId":"Filters","tabIndex":0},"Default-Filters":{"id":"Default-Filters","title":"Default Filters","url":"default-filters.html","level":1,"parentId":"Filters","tabIndex":1},"Environment-Variables":{"id":"Environment-Variables","title":"Environment Variables","url":"environment-variables.html","level":0,"tabIndex":2},"Examples":{"id":"Examples","title":"Examples","url":"examples.html","level":0,"pages":["Include-embed","Example-with-json-in-an-env-variable"],"tabIndex":3},"Include-embed":{"id":"Include-embed","title":"Include, embed","url":"include-embed.html","level":1,"parentId":"Examples","tabIndex":0},"Example-with-json-in-an-env-variable":{"id":"Example-with-json-in-an-env-variable","title":"Example with json in an env variable","url":"example-with-json-in-an-env-variable.html","level":1,"parentId":"Examples","tabIndex":1},"Installation":{"id":"Installation","title":"Installation","url":"installation.html","level":0,"tabIndex":4},"Development-Guide":{"id":"Development-Guide","title":"Development Guide","url":"development-guide.html","level":0,"tabIndex":5},"Roadmap":{"id":"Roadmap","title":"Roadmap","url":"roadmap.html","level":0,"tabIndex":6}}},"topLevelIds":["index","Filters","Environment-Variables","Examples","Installation","Development-Guide","Roadmap"]}